date,jump_start,jump_end,count,location,event,notes
2024-11-03,1079,1079,1,Castellon,Paradise,With: Kevin can't fly
2025-03-31,1080,1083,4,Skydive Spain,FD March Camp,
2025-04-01,1084,1091,8,Skydive Spain,FD March Camp,
2025-04-02,1092,1096,5,Skydive Spain,FD March Camp,
2025-05-24,1097,1103,7,Castellon,2Wayz4Dayz,
2025-05-25,1104,1110,7,Castellon,2Wayz4Dayz,
2025-05-26,1111,1117,7,Castellon,2Wayz4Dayz,
2025-05-28,1118,1120,3,Castellon,Paradise,
2025-05-29,1121,1126,6,Castellon,Paradise,
2025-05-30,1127,1132,6,Castellon,Paradise,
2025-05-31,1133,1139,7,Castellon,Paradise,
2025-06-11,1140,1141,2,Skydive Bovec,Adventure Retreat,With: Dylan — Two way
2025-06-12,1144,1147,4,Skydive Bovec,Adventure Retreat,With: Maud — Tandem + mountainswoop + bigway bovec crew
2025-07-21,1149,1155,7,Skydive Voss,VEKO,
2025-07-22,1156,1160,5,Nässinge,Angle Week 2025,
2025-07-23,1161,1166,6,Nässinge,Angle Week 2025,
2025-07-24,1167,1172,6,Nässinge,Angle Week 2025,
2025-07-25,1173,1176,4,Nässinge,Angle Week 2025,
2025-07-27,1177,1177,1,Nässinge,Angle Week 2025,With: Anabel + Maverick + Ben + Gmur + Sandro — Hungover funjump
2025-07-30,1178,1180,3,Skåne,Blame it,With: ToraTora
2025-07-31,1181,1183,3,Skåne,Blame it,With: ToraTora
2025-08-01,1184,1184,1,Skåne,Blame it,With: ToraTora
2025-08-09,1185,1190,6,Klatovy,Socials,With: Naila
2025-08-10,1191,1195,5,Klatovy,Socials,With: Naila
2025-09-23,1196,1197,2,Zeeland,,
2025-09-24,1198,1204,7,Zeeland,,
2025-09-25,1205,1209,5,Zeeland,Zeeland boogie,
2025-09-26,1210,1212,3,Zeeland,,
2025-10-03,1213,1214,2,Portugal,,
2025-10-19,1215,1215,1,Castellon,Funjump,With: Lucakcs
2025-10-20,1216,1222,7,Castellon,Paradise 2025,
2025-10-21,1223,1227,5,Castellon,Paradise 2025,
2025-10-22,1228,1233,6,Castellon,Paradise 2025,
2025-10-24,1234,1241,8,Castellon,Paradise 2025,
2025-10-25,1242,1242,1,Castellon,Paradise 2025,Funjump
2025-10-27,1243,1247,5,Castellon,Paradise 2025,
2025-10-28,1248,1253,6,Castellon,Paradise 2025,
2025-10-29,1254,1258,5,Castellon,Paradise 2025,
2025-10-30,1259,1264,6,Castellon,Paradise 2025,
2025-10-31,1265,1271,7,Castellon,Paradise 2025,Participating + 1 staffload jump
2026-02-25,1272,1272,1,Colombia,COL-1,
2026-02-27,1273,1275,3,Colombia,COL-1,
2026-02-28,1276,1277,2,Colombia,COL-1,
2026-03-01,1278,1279,2,Colombia,COL-1,
2026-03-03,1280,1281,2,Colombia,COL-1,
2026-03-04,1282,1282,1,Xielo,COL-1,
2026-03-05,1283,1284,2,Xielo,COL-1,
2026-03-06,1285,1286,2,Xielo,COL-1,
